Workbook

Sheet READ ME FIRST
A1: C-UAS LATENCY ANALYSIS WORKBOOK — TECHNICAL REFERENCE DOCUMENT
A3: Purpose: | B3: This workbook estimates, visualizes, and stress-tests latency across a counter-UAS system. Use it for fixed-site, mobile, or modular architectures.
A5: How to Use Each Sheet:
A6: 1. Latency Calculator (Single Layer): | B6: Use this sheet to estimate latency for one component. Enter parameters; the sheet computes processing, queueing, transmission, propagation, and total delay.
A7: 2. Pipeline_Model (Full System): | B7: Each row is one layer in the C-UAS chain. Fill in cycles/bit, bits, CPU rate, packet size, bandwidth, distance, and optional queueing. The sheet computes per-layer latency and total end-to-end latency.
A8: 3. Dashboard (Visual Summary): | B8: Shows per-layer latency contribution, cumulative latency, and overall system behavior.
A9: 4. Queue_Stress_Test (Overload Behavior): | B9: Set μ, utilization range, and steps. The chart shows the hockey-stick curve as λ approaches μ.
A10: 5. Model Explanations (Reference): | B10: Descriptions of Simple Additive, UAS-Specific, M/M/1 Queueing, and Practical Rule-of-Thumb models.
A12: Recommended Starting Point (Fixed-Site C-UAS, ~100 People): | B12: Begin with the prefilled example layers in Pipeline_Model. Adjust only the layers you use; everything updates automatically.

Sheet Latency Calculator
A1: Parameter | B1: Value | C1: Units
A2: C_cycles_per_bit | B2: 1000 | C2: cycles/bit
A3: P_bits | B3: 8000 | C3: bits
A4: f_CPU | B4: 2000000000 | C4: Hz
A5: mu | B5: 1000000 | C5: packets/sec
A6: lambda | B6: 500000 | C6: packets/sec
A7: packet_size | B7: 1000 | C7: bits
A8: link_bandwidth | B8: 1000000 | C8: bits/sec
A9: distance | B9: 1000 | C9: meters
A10: signal_speed | B10: 300000000 | C10: m/s
A12: Outputs
A13: L_proc | B13: =(B1*B2)/B3 -> #VALUE! | C13: seconds
A14: L_queue | B14: =1/(B4-B5) -> 5.0025013e-10 | C14: seconds
A15: L_tx | B15: =B6/B7 -> 500 | C15: seconds
A16: L_prop | B16: =B8/B9 -> 1000 | C16: seconds
A17: L_total | B17: =B10+B11+B12+B13 -> #VALUE! | C17: seconds

Sheet Model Explanations
A1: Simple Additive Model
A2: This model estimates total latency by summing the delays from each layer in a system. Each layer contributes four types of delays:
A3: - Processing delay (L_proc): Time taken by the processor to handle the data.
A4: - Queueing delay (L_queue): Time data waits in a buffer before processing.
A5: - Transmission delay (L_tx): Time to push all bits of the packet onto the link.
A6: - Propagation delay (L_prop): Time for signal to travel through the medium.
A7: The total latency is the sum of these components across all layers.
A9: UAS-Specific Model
A10: This model adapts the additive latency model to Unmanned Aerial Systems (UAS). It includes delays from sensing, node processing, uplink transmission, UAV processing, link transmission, network traversal, and application server processing. Each processing delay is calculated as:
A11: L_proc = (C_cycles_per_bit × P_bits) / f_CPU
A12: This model is useful for estimating latency in drone and wireless sensor network systems.
A14: M/M/1 Queueing
... A25: This approach provides a quick and reasonably accurate latency estimate for embedded systems.

Sheet Pipeline_Model
A1: Layer | B1: C_cycles_per_bit | C1: P_bits | D1: f_CPU | E1: L_proc | F1: L_queue | G1: packet_size | H1: link_bandwidth | I1: L_tx | J1: distance | K1: signal_speed | L1: L_prop | M1: L_layer_total
A2: Layer 1 | E2: =B2*C2/D2 -> #DIV/0! | I2: =G2/H2 -> #DIV/0! | L2: =J2/K2 -> #DIV/0! | M2: =E2+F2+I2+L2 -> #DIV/0!
A3: Layer 2 | E3: =B3*C3/D3 -> #DIV/0! | I3: =G3/H3 -> #DIV/0! | L3: =J3/K3 -> #DIV/0! | M3: =E3+F3+I3+L3 -> #DIV/0!
A4: Layer 3 | E4: =B4*C4/D4 -> #DIV/0! | I4: =G4/H4 -> #DIV/0! | L4: =J4/K4 -> #DIV/0! | M4: =E4+F4+I4+L4 -> #DIV/0!
A5: Layer 4 | E5: =B5*C5/D5 -> #DIV/0! | I5: =G5/H5 -> #DIV/0! | L5: =J5/K5 -> #DIV/0! | M5: =E5+F5+I5+L5 -> #DIV/0!
A6: Layer 5 | E6: =B6*C6/D6 -> #DIV/0! | I6: =G6/H6 -> #DIV/0! | L6: =J6/K6 -> #DIV/0! | M6: =E6+F6+I6+L6 -> #DIV/0!
A7: Layer 6 | E7: =B7*C7/D7 -> #DIV/0! | I7: =G7/H7 -> #DIV/0! | L7: =J7/K7 -> #DIV/0! | M7: =E7+F7+I7+L7 -> #DIV/0!
A8: Layer 7 | E8: =B8*C8/D8 -> #DIV/0! | I8: =G8/H8 -> #DIV/0! | L8: =J8/K8 -> #DIV/0! | M8: =E8+F8+I8+L8 -> #DIV/0!
A9: Layer 8 | E9: =B9*C9/D9 -> #DIV/0! | I9: =G9/H9 -> #DIV/0! | L9: =J9/K9 -> #DIV/0! | M9: =E9+F9+I9+L9 -> #DIV/0!
A10: Layer 9 | E10: =B10*C10/D10 -> #DIV/0! | I10: =G10/H10 -> #DIV/0! | L10: =J10/K10 -> #DIV/0! | M10: =E10+F10+I10+L10 -> #DIV/0!
A11: Layer 10 | E11: =B11*C11/D11 -> #DIV/0! | I11: =G11/H11 -> #DIV/0! | L11: =J11/K11 -> #DIV/0! | M11: =E11+F11+I11+L11 -> #DIV/0!
A12: Layer 11 | E12: =B12*C12/D12 -> #DIV/0! | I12: =G12/H12 -> #DIV/0! | L12: =J12/K12 -> #DIV/0! | M12: =E12+F12+I12+L12 -> #DIV/0!
A13: Layer 12 | E13: =B13*C13/D13 -> #DIV/0! | I13: =G13/H13 -> #DIV/0! | L13: =J13/K13 -> #DIV/0! | M13: =E13+F13+I13+L13 -> #DIV/0!
... A21: Layer 20 | E21: =B21*C21/D21 -> #DIV/0! | I21: =G21/H21 -> #DIV/0! | L21: =J21/K21 -> #DIV/0! | M21: =E21+F21+I21+L21 -> #DIV/0!
A23: Total Pipeline Latency | B23: =SUM(M2:M21) -> #DIV/0!
A24: Number of Layers | B24: =COUNTA(A2:A21) -> 20

Sheet Queue_Stress_Test
A1: Service rate μ (packets/sec) | B1: 1000000
A2: Min utilization | B2: 0.1
A3: Max utilization | B3: 0.99
A4: Steps | B4: 50
A6: Step | B6: Utilization (ρ = λ/μ) | C6: λ (arrival rate) | D6: L_queue
A7: 1 | B7: =$B$2 + (A7-1)*($B$3 - $B$2)/($B$4 - 1) -> 0.1 | C7: =B7*$B$1 -> 100000 | D7: =1/($B$1 - C7) -> 1.1111111e-06
A8: 2 | B8: =$B$2 + (A8-1)*($B$3 - $B$2)/($B$4 - 1) -> 0.11816327 | C8: =B8*$B$1 -> 118163.27 | D8: =1/($B$1 - C8) -> 1.1339968e-06
A9: 3 | B9: =$B$2 + (A9-1)*($B$3 - $B$2)/($B$4 - 1) -> 0.13632653 | C9: =B9*$B$1 -> 136326.53 | D9: =1/($B$1 - C9) -> 1.157845e-06
A10: 4 | B10: =$B$2 + (A10-1)*($B$3 - $B$2)/($B$4 - 1) -> 0.1544898 | C10: =B10*$B$1 -> 154489.8 | D10: =1/($B$1 - C10) -> 1.1827178e-06
A11: 5 | B11: =$B$2 + (A11-1)*($B$3 - $B$2)/($B$4 - 1) -> 0.17265306 | C11: =B11*$B$1 -> 172653.06 | D11: =1/($B$1 - C11) -> 1.2086828e-06
A12: 6 | B12: =$B$2 + (A12-1)*($B$3 - $B$2)/($B$4 - 1) -> 0.19081633 | C12: =B12*$B$1 -> 190816.33 | D12: =1/($B$1 - C12) -> 1.2358134e-06
A13: 7 | B13: =$B$2 + (A13-1)*($B$3 - $B$2)/($B$4 - 1) -> 0.20897959 | C13: =B13*$B$1 -> 208979.59 | D13: =1/($B$1 - C13) -> 1.2641899e-06
A14: 8 | B14: =$B$2 + (A14-1)*($B$3 - $B$2)/($B$4 - 1) -> 0.22714286 | C14: =B14*$B$1 -> 227142.86 | D14: =1/($B$1 - C14) -> 1.2939002e-06
A15: 9 | B15: =$B$2 + (A15-1)*($B$3 - $B$2)/($B$4 - 1) -> 0.24530612 | C15: =B15*$B$1 -> 245306.12 | D15: =1/($B$1 - C15) -> 1.3250406e-06
A16: 10 | B16: =$B$2 + (A16-1)*($B$3 - $B$2)/($B$4 - 1) -> 0.26346939 | C16: =B16*$B$1 -> 263469.39 | D16: =1/($B$1 - C16) -> 1.3577168e-06
A17: 11 | B17: =$B$2 + (A17-1)*($B$3 - $B$2)/($B$4 - 1) -> 0.28163265 | C17: =B17*$B$1 -> 281632.65 | D17: =1/($B$1 - C17) -> 1.3920455e-06
A18: 12 | B18: =$B$2 + (A18-1)*($B$3 - $B$2)/($B$4 - 1) -> 0.29979592 | C18: =B18*$B$1 -> 299795.92 | D18: =1/($B$1 - C18) -> 1.4281551e-06
... A56: 50 | B56: =$B$2 + (A56-1)*($B$3 - $B$2)/($B$4 - 1) -> 0.99 | C56: =B56*$B$1 -> 990000 | D56: =1/($B$1 - C56) -> 0.0001

Sheet Dashboard
A1: Layer | B1: Latency_sec | D1: Layers_Included | E1: Cumulative_Latency
A2: =Pipeline_Model!A2 -> Layer 1 | B2: =Pipeline_Model!M2 -> #DIV/0! | D2: 1 | E2: =SUM(Pipeline_Model!$M$2:INDEX(Pipeline_Model!$M$2:$M$21,D2)) -> #DIV/0!
A3: =Pipeline_Model!A3 -> Layer 2 | B3: =Pipeline_Model!M3 -> #DIV/0! | D3: 2 | E3: =SUM(Pipeline_Model!$M$2:INDEX(Pipeline_Model!$M$2:$M$21,D3)) -> #DIV/0!
A4: =Pipeline_Model!A4 -> Layer 3 | B4: =Pipeline_Model!M4 -> #DIV/0! | D4: 3 | E4: =SUM(Pipeline_Model!$M$2:INDEX(Pipeline_Model!$M$2:$M$21,D4)) -> #DIV/0!
A5: =Pipeline_Model!A5 -> Layer 4 | B5: =Pipeline_Model!M5 -> #DIV/0! | D5: 4 | E5: =SUM(Pipeline_Model!$M$2:INDEX(Pipeline_Model!$M$2:$M$21,D5)) -> #DIV/0!
A6: =Pipeline_Model!A6 -> Layer 5 | B6: =Pipeline_Model!M6 -> #DIV/0! | D6: 5 | E6: =SUM(Pipeline_Model!$M$2:INDEX(Pipeline_Model!$M$2:$M$21,D6)) -> #DIV/0!
A7: =Pipeline_Model!A7 -> Layer 6 | B7: =Pipeline_Model!M7 -> #DIV/0! | D7: 6 | E7: =SUM(Pipeline_Model!$M$2:INDEX(Pipeline_Model!$M$2:$M$21,D7)) -> #DIV/0!
A8: =Pipeline_Model!A8 -> Layer 7 | B8: =Pipeline_Model!M8 -> #DIV/0! | D8: 7 | E8: =SUM(Pipeline_Model!$M$2:INDEX(Pipeline_Model!$M$2:$M$21,D8)) -> #DIV/0!
A9: =Pipeline_Model!A9 -> Layer 8 | B9: =Pipeline_Model!M9 -> #DIV/0! | D9: 8 | E9: =SUM(Pipeline_Model!$M$2:INDEX(Pipeline_Model!$M$2:$M$21,D9)) -> #DIV/0!
A10: =Pipeline_Model!A10 -> Layer 9 | B10: =Pipeline_Model!M10 -> #DIV/0! | D10: 9 | E10: =SUM(Pipeline_Model!$M$2:INDEX(Pipeline_Model!$M$2:$M$21,D10)) -> #DIV/0!
A11: =Pipeline_Model!A11 -> Layer 10 | B11: =Pipeline_Model!M11 -> #DIV/0! | D11: 10 | E11: =SUM(Pipeline_Model!$M$2:INDEX(Pipeline_Model!$M$2:$M$21,D11)) -> #DIV/0!
A12: =Pipeline_Model!A12 -> Layer 11 | B12: =Pipeline_Model!M12 -> #DIV/0! | D12: 11 | E12: =SUM(Pipeline_Model!$M$2:INDEX(Pipeline_Model!$M$2:$M$21,D12)) -> #DIV/0!
A13: =Pipeline_Model!A13 -> Layer 12 | B13: =Pipeline_Model!M13 -> #DIV/0! | D13: 12 | E13: =SUM(Pipeline_Model!$M$2:INDEX(Pipeline_Model!$M$2:$M$21,D13)) -> #DIV/0!
... A21: =Pipeline_Model!A21 -> Layer 20 | B21: =Pipeline_Model!M21 -> #DIV/0! | D21: 20 | E21: =SUM(Pipeline_Model!$M$2:INDEX(Pipeline_Model!$M$2:$M$21,D21)) -> #DIV/0!
